Target,Target_Namespace,Target_Type,Target_Method,Job_Id,Job_AnalyzeLaunchVariance,Job_EvaluateOverhead,Job_MaxAbsoluteError,Job_MaxRelativeError,Job_MinInvokeCount,Job_MinIterationTime,Job_OutlierMode,Job_Affinity,Job_EnvironmentVariables,Job_Jit,Job_Platform,Job_Runtime,Job_AllowVeryLargeObjects,Job_Concurrent,Job_CpuGroups,Job_Force,Job_HeapAffinitizeMask,Job_HeapCount,Job_NoAffinitize,Job_RetainVm,Job_Server,Job_Arguments,Job_BuildConfiguration,Job_Clock,Job_EngineFactory,Job_Toolchain,Job_IsMutator,Job_InvocationCount,Job_IterationCount,Job_IterationTime,Job_LaunchCount,Job_MaxIterationCount,Job_MaxWarmupIterationCount,Job_MinIterationCount,Job_MinWarmupIterationCount,Job_RunStrategy,Job_UnrollFactor,Job_WarmupCount,Job_Display,Params,Measurement_LaunchIndex,Measurement_IterationMode,Measurement_IterationIndex,Measurement_Nanoseconds,Measurement_Operations,Measurement_Value
SpanT.TestSlice,SpanSample,SpanT,TestSlice,Core,Default,Default,Default,Default,Default,Default,Default,Default,Default,Default,Default,Core,Default,Default,Default,Default,Default,Default,Default,Default,Default,Default,Default,Default,Default,Default,Default,Default,Default,Default,Default,Default,Default,Default,Default,Default,Default,Default,Core(Runtime=Core),,1,Overhead,1,515400,1,515400
SpanT.TestSlice,SpanSample,SpanT,TestSlice,Core,Default,Default,Default,Default,Default,Default,Default,Default,Default,Default,Default,Core,Default,Default,Default,Default,Default,Default,Default,Default,Default,Default,Default,Default,Default,Default,Default,Default,Default,Default,Default,Default,Default,Default,Default,Default,Default,Default,Core(Runtime=Core),,1,Workload,1,2176000,1,2176000
SpanT.TestSlice,SpanSample,SpanT,TestSlice,Core,Default,Default,Default,Default,Default,Default,Default,Default,Default,Default,Default,Core,Default,Default,Default,Default,Default,Default,Default,Default,Default,Default,Default,Default,Default,Default,Default,Default,Default,Default,Default,Default,Default,Default,Default,Default,Default,Default,Core(Runtime=Core),,1,Overhead,2,589900,16,36868.75
SpanT.TestSlice,SpanSample,SpanT,TestSlice,Core,Default,Default,Default,Default,Default,Default,Default,Default,Default,Default,Default,Core,Default,Default,Default,Default,Default,Default,Default,Default,Default,Default,Default,Default,Default,Default,Default,Default,Default,Default,Default,Default,Default,Default,Default,Default,Default,Default,Core(Runtime=Core),,1,Workload,2,508000,16,31750
SpanT.TestSlice,SpanSample,SpanT,TestSlice,Core,Default,Default,Default,Default,Default,Default,Default,Default,Default,Default,Default,Core,Default,Default,Default,Default,Default,Default,Default,Default,Default,Default,Default,Default,Default,Default,Default,Default,Default,Default,Default,Default,Default,Default,Default,Default,Default,Default,Core(Runtime=Core),,1,Workload,1,49700,16,3106.25
SpanT.TestSlice,SpanSample,SpanT,TestSlice,Core,Default,Default,Default,Default,Default,Default,Default,Default,Default,Default,Default,Core,Default,Default,Default,Default,Default,Default,Default,Default,Default,Default,Default,Default,Default,Default,Default,Default,Default,Default,Default,Default,Default,Default,Default,Default,Default,Default,Core(Runtime=Core),,1,Workload,2,82000,32,2562.5
SpanT.TestSlice,SpanSample,SpanT,TestSlice,Core,Default,Default,Default,Default,Default,Default,Default,Default,Default,Default,Default,Core,Default,Default,Default,Default,Default,Default,Default,Default,Default,Default,Default,Default,Default,Default,Default,Default,Default,Default,Default,Default,Default,Default,Default,Default,Default,Default,Core(Runtime=Core),,1,Workload,3,135500,64,2117.19
SpanT.TestSlice,SpanSample,SpanT,TestSlice,Core,Default,Default,Default,Default,Default,Default,Default,Default,Default,Default,Default,Core,Default,Default,Default,Default,Default,Default,Default,Default,Default,Default,Default,Default,Default,Default,Default,Default,Default,Default,Default,Default,Default,Default,Default,Default,Default,Default,Core(Runtime=Core),,1,Workload,4,289800,128,2264.06
SpanT.TestSlice,SpanSample,SpanT,TestSlice,Core,Default,Default,Default,Default,Default,Default,Default,Default,Default,Default,Default,Core,Default,Default,Default,Default,Default,Default,Default,Default,Default,Default,Default,Default,Default,Default,Default,Default,Default,Default,Default,Default,Default,Default,Default,Default,Default,Default,Core(Runtime=Core),,1,Workload,5,692500,256,2705.08
SpanT.TestSlice,SpanSample,SpanT,TestSlice,Core,Default,Default,Default,Default,Default,Default,Default,Default,Default,Default,Default,Core,Default,Default,Default,Default,Default,Default,Default,Default,Default,Default,Default,Default,Default,Default,Default,Default,Default,Default,Default,Default,Default,Default,Default,Default,Default,Default,Core(Runtime=Core),,1,Workload,6,983900,512,1921.68
SpanT.TestSlice,SpanSample,SpanT,TestSlice,Core,Default,Default,Default,Default,Default,Default,Default,Default,Default,Default,Default,Core,Default,Default,Default,Default,Default,Default,Default,Default,Default,Default,Default,Default,Default,Default,Default,Default,Default,Default,Default,Default,Default,Default,Default,Default,Default,Default,Core(Runtime=Core),,1,Workload,7,2151100,1024,2100.68
SpanT.TestSlice,SpanSample,SpanT,TestSlice,Core,Default,Default,Default,Default,Default,Default,Default,Default,Default,Default,Default,Core,Default,Default,Default,Default,Default,Default,Default,Default,Default,Default,Default,Default,Default,Default,Default,Default,Default,Default,Default,Default,Default,Default,Default,Default,Default,Default,Core(Runtime=Core),,1,Workload,8,4280100,2048,2089.89
SpanT.TestSlice,SpanSample,SpanT,TestSlice,Core,Default,Default,Default,Default,Default,Default,Default,Default,Default,Default,Default,Core,Default,Default,Default,Default,Default,Default,Default,Default,Default,Default,Default,Default,Default,Default,Default,Default,Default,Default,Default,Default,Default,Default,Default,Default,Default,Default,Core(Runtime=Core),,1,Workload,9,9027600,4096,2204
SpanT.TestSlice,SpanSample,SpanT,TestSlice,Core,Default,Default,Default,Default,Default,Default,Default,Default,Default,Default,Default,Core,Default,Default,Default,Default,Default,Default,Default,Default,Default,Default,Default,Default,Default,Default,Default,Default,Default,Default,Default,Default,Default,Default,Default,Default,Default,Default,Core(Runtime=Core),,1,Workload,10,18008300,8192,2198.28
SpanT.TestSlice,SpanSample,SpanT,TestSlice,Core,Default,Default,Default,Default,Default,Default,Default,Default,Default,Default,Default,Core,Default,Default,Default,Default,Default,Default,Default,Default,Default,Default,Default,Default,Default,Default,Default,Default,Default,Default,Default,Default,Default,Default,Default,Default,Default,Default,Core(Runtime=Core),,1,Workload,11,32603600,16384,1989.97
SpanT.TestSlice,SpanSample,SpanT,TestSlice,Core,Default,Default,Default,Default,Default,Default,Default,Default,Default,Default,Default,Core,Default,Default,Default,Default,Default,Default,Default,Default,Default,Default,Default,Default,Default,Default,Default,Default,Default,Default,Default,Default,Default,Default,Default,Default,Default,Default,Core(Runtime=Core),,1,Workload,12,64062100,32768,1955.02
SpanT.TestSlice,SpanSample,SpanT,TestSlice,Core,Default,Default,Default,Default,Default,Default,Default,Default,Default,Default,Default,Core,Default,Default,Default,Default,Default,Default,Default,Default,Default,Default,Default,Default,Default,Default,Default,Default,Default,Default,Default,Default,Default,Default,Default,Default,Default,Default,Core(Runtime=Core),,1,Workload,13,137438200,65536,2097.14
SpanT.TestSlice,SpanSample,SpanT,TestSlice,Core,Default,Default,Default,Default,Default,Default,Default,Default,Default,Default,Default,Core,Default,Default,Default,Default,Default,Default,Default,Default,Default,Default,Default,Default,Default,Default,Default,Default,Default,Default,Default,Default,Default,Default,Default,Default,Default,Default,Core(Runtime=Core),,1,Workload,14,259156900,131072,1977.21
SpanT.TestSlice,SpanSample,SpanT,TestSlice,Core,Default,Default,Default,Default,Default,Default,Default,Default,Default,Default,Default,Core,Default,Default,Default,Default,Default,Default,Default,Default,Default,Default,Default,Default,Default,Default,Default,Default,Default,Default,Default,Default,Default,Default,Default,Default,Default,Default,Core(Runtime=Core),,1,Workload,15,513891200,262144,1960.34
SpanT.TestSlice,SpanSample,SpanT,TestSlice,Core,Default,Default,Default,Default,Default,Default,Default,Default,Default,Default,Default,Core,Default,Default,Default,Default,Default,Default,Default,Default,Default,Default,Default,Default,Default,Default,Default,Default,Default,Default,Default,Default,Default,Default,Default,Default,Default,Default,Core(Runtime=Core),,1,Overhead,1,511900,262144,1.95
SpanT.TestSlice,SpanSample,SpanT,TestSlice,Core,Default,Default,Default,Default,Default,Default,Default,Default,Default,Default,Default,Core,Default,Default,Default,Default,Default,Default,Default,Default,Default,Default,Default,Default,Default,Default,Default,Default,Default,Default,Default,Default,Default,Default,Default,Default,Default,Default,Core(Runtime=Core),,1,Overhead,2,816900,262144,3.12
SpanT.TestSlice,SpanSample,SpanT,TestSlice,Core,Default,Default,Default,Default,Default,Default,Default,Default,Default,Default,Default,Core,Default,Default,Default,Default,Default,Default,Default,Default,Default,Default,Default,Default,Default,Default,Default,Default,Default,Default,Default,Default,Default,Default,Default,Default,Default,Default,Core(Runtime=Core),,1,Overhead,3,1499500,262144,5.72
SpanT.TestSlice,SpanSample,SpanT,TestSlice,Core,Default,Default,Default,Default,Default,Default,Default,Default,Default,Default,Default,Core,Default,Default,Default,Default,Default,Default,Default,Default,Default,Default,Default,Default,Default,Default,Default,Default,Default,Default,Default,Default,Default,Default,Default,Default,Default,Default,Core(Runtime=Core),,1,Overhead,4,630000,262144,2.4
SpanT.TestSlice,SpanSample,SpanT,TestSlice,Core,Default,Default,Default,Default,Default,Default,Default,Default,Default,Default,Default,Core,Default,Default,Default,Default,Default,Default,Default,Default,Default,Default,Default,Default,Default,Default,Default,Default,Default,Default,Default,Default,Default,Default,Default,Default,Default,Default,Core(Runtime=Core),,1,Overhead,5,547100,262144,2.09
SpanT.TestSlice,SpanSample,SpanT,TestSlice,Core,Default,Default,Default,Default,Default,Default,Default,Default,Default,Default,Default,Core,Default,Default,Default,Default,Default,Default,Default,Default,Default,Default,Default,Default,Default,Default,Default,Default,Default,Default,Default,Default,Default,Default,Default,Default,Default,Default,Core(Runtime=Core),,1,Overhead,6,635500,262144,2.42
SpanT.TestSlice,SpanSample,SpanT,TestSlice,Core,Default,Default,Default,Default,Default,Default,Default,Default,Default,Default,Default,Core,Default,Default,Default,Default,Default,Default,Default,Default,Default,Default,Default,Default,Default,Default,Default,Default,Default,Default,Default,Default,Default,Default,Default,Default,Default,Default,Core(Runtime=Core),,1,Overhead,7,507200,262144,1.93
SpanT.TestSlice,SpanSample,SpanT,TestSlice,Core,Default,Default,Default,Default,Default,Default,Default,Default,Default,Default,Default,Core,Default,Default,Default,Default,Default,Default,Default,Default,Default,Default,Default,Default,Default,Default,Default,Default,Default,Default,Default,Default,Default,Default,Default,Default,Default,Default,Core(Runtime=Core),,1,Overhead,1,582600,262144,2.22
SpanT.TestSlice,SpanSample,SpanT,TestSlice,Core,Default,Default,Default,Default,Default,Default,Default,Default,Default,Default,Default,Core,Default,Default,Default,Default,Default,Default,Default,Default,Default,Default,Default,Default,Default,Default,Default,Default,Default,Default,Default,Default,Default,Default,Default,Default,Default,Default,Core(Runtime=Core),,1,Overhead,2,499700,262144,1.91
SpanT.TestSlice,SpanSample,SpanT,TestSlice,Core,Default,Default,Default,Default,Default,Default,Default,Default,Default,Default,Default,Core,Default,Default,Default,Default,Default,Default,Default,Default,Default,Default,Default,Default,Default,Default,Default,Default,Default,Default,Default,Default,Default,Default,Default,Default,Default,Default,Core(Runtime=Core),,1,Overhead,3,464800,262144,1.77
SpanT.TestSlice,SpanSample,SpanT,TestSlice,Core,Default,Default,Default,Default,Default,Default,Default,Default,Default,Default,Default,Core,Default,Default,Default,Default,Default,Default,Default,Default,Default,Default,Default,Default,Default,Default,Default,Default,Default,Default,Default,Default,Default,Default,Default,Default,Default,Default,Core(Runtime=Core),,1,Overhead,4,464300,262144,1.77
SpanT.TestSlice,SpanSample,SpanT,TestSlice,Core,Default,Default,Default,Default,Default,Default,Default,Default,Default,Default,Default,Core,Default,Default,Default,Default,Default,Default,Default,Default,Default,Default,Default,Default,Default,Default,Default,Default,Default,Default,Default,Default,Default,Default,Default,Default,Default,Default,Core(Runtime=Core),,1,Overhead,5,1971600,262144,7.52
SpanT.TestSlice,SpanSample,SpanT,TestSlice,Core,Default,Default,Default,Default,Default,Default,Default,Default,Default,Default,Default,Core,Default,Default,Default,Default,Default,Default,Default,Default,Default,Default,Default,Default,Default,Default,Default,Default,Default,Default,Default,Default,Default,Default,Default,Default,Default,Default,Core(Runtime=Core),,1,Overhead,6,662400,262144,2.53
SpanT.TestSlice,SpanSample,SpanT,TestSlice,Core,Default,Default,Default,Default,Default,Default,Default,Default,Default,Default,Default,Core,Default,Default,Default,Default,Default,Default,Default,Default,Default,Default,Default,Default,Default,Default,Default,Default,Default,Default,Default,Default,Default,Default,Default,Default,Default,Default,Core(Runtime=Core),,1,Overhead,7,1042400,262144,3.98
SpanT.TestSlice,SpanSample,SpanT,TestSlice,Core,Default,Default,Default,Default,Default,Default,Default,Default,Default,Default,Default,Core,Default,Default,Default,Default,Default,Default,Default,Default,Default,Default,Default,Default,Default,Default,Default,Default,Default,Default,Default,Default,Default,Default,Default,Default,Default,Default,Core(Runtime=Core),,1,Overhead,8,877300,262144,3.35
SpanT.TestSlice,SpanSample,SpanT,TestSlice,Core,Default,Default,Default,Default,Default,Default,Default,Default,Default,Default,Default,Core,Default,Default,Default,Default,Default,Default,Default,Default,Default,Default,Default,Default,Default,Default,Default,Default,Default,Default,Default,Default,Default,Default,Default,Default,Default,Default,Core(Runtime=Core),,1,Overhead,9,879400,262144,3.35
SpanT.TestSlice,SpanSample,SpanT,TestSlice,Core,Default,Default,Default,Default,Default,Default,Default,Default,Default,Default,Default,Core,Default,Default,Default,Default,Default,Default,Default,Default,Default,Default,Default,Default,Default,Default,Default,Default,Default,Default,Default,Default,Default,Default,Default,Default,Default,Default,Core(Runtime=Core),,1,Overhead,10,514400,262144,1.96
SpanT.TestSlice,SpanSample,SpanT,TestSlice,Core,Default,Default,Default,Default,Default,Default,Default,Default,Default,Default,Default,Core,Default,Default,Default,Default,Default,Default,Default,Default,Default,Default,Default,Default,Default,Default,Default,Default,Default,Default,Default,Default,Default,Default,Default,Default,Default,Default,Core(Runtime=Core),,1,Overhead,11,505900,262144,1.93
SpanT.TestSlice,SpanSample,SpanT,TestSlice,Core,Default,Default,Default,Default,Default,Default,Default,Default,Default,Default,Default,Core,Default,Default,Default,Default,Default,Default,Default,Default,Default,Default,Default,Default,Default,Default,Default,Default,Default,Default,Default,Default,Default,Default,Default,Default,Default,Default,Core(Runtime=Core),,1,Overhead,12,649600,262144,2.48
SpanT.TestSlice,SpanSample,SpanT,TestSlice,Core,Default,Default,Default,Default,Default,Default,Default,Default,Default,Default,Default,Core,Default,Default,Default,Default,Default,Default,Default,Default,Default,Default,Default,Default,Default,Default,Default,Default,Default,Default,Default,Default,Default,Default,Default,Default,Default,Default,Core(Runtime=Core),,1,Overhead,13,681400,262144,2.6
SpanT.TestSlice,SpanSample,SpanT,TestSlice,Core,Default,Default,Default,Default,Default,Default,Default,Default,Default,Default,Default,Core,Default,Default,Default,Default,Default,Default,Default,Default,Default,Default,Default,Default,Default,Default,Default,Default,Default,Default,Default,Default,Default,Default,Default,Default,Default,Default,Core(Runtime=Core),,1,Overhead,14,699300,262144,2.67
SpanT.TestSlice,SpanSample,SpanT,TestSlice,Core,Default,Default,Default,Default,Default,Default,Default,Default,Default,Default,Default,Core,Default,Default,Default,Default,Default,Default,Default,Default,Default,Default,Default,Default,Default,Default,Default,Default,Default,Default,Default,Default,Default,Default,Default,Default,Default,Default,Core(Runtime=Core),,1,Overhead,15,801500,262144,3.06
SpanT.TestSlice,SpanSample,SpanT,TestSlice,Core,Default,Default,Default,Default,Default,Default,Default,Default,Default,Default,Default,Core,Default,Default,Default,Default,Default,Default,Default,Default,Default,Default,Default,Default,Default,Default,Default,Default,Default,Default,Default,Default,Default,Default,Default,Default,Default,Default,Core(Runtime=Core),,1,Overhead,16,718500,262144,2.74
SpanT.TestSlice,SpanSample,SpanT,TestSlice,Core,Default,Default,Default,Default,Default,Default,Default,Default,Default,Default,Default,Core,Default,Default,Default,Default,Default,Default,Default,Default,Default,Default,Default,Default,Default,Default,Default,Default,Default,Default,Default,Default,Default,Default,Default,Default,Default,Default,Core(Runtime=Core),,1,Overhead,17,582300,262144,2.22
SpanT.TestSlice,SpanSample,SpanT,TestSlice,Core,Default,Default,Default,Default,Default,Default,Default,Default,Default,Default,Default,Core,Default,Default,Default,Default,Default,Default,Default,Default,Default,Default,Default,Default,Default,Default,Default,Default,Default,Default,Default,Default,Default,Default,Default,Default,Default,Default,Core(Runtime=Core),,1,Overhead,18,598700,262144,2.28
SpanT.TestSlice,SpanSample,SpanT,TestSlice,Core,Default,Default,Default,Default,Default,Default,Default,Default,Default,Default,Default,Core,Default,Default,Default,Default,Default,Default,Default,Default,Default,Default,Default,Default,Default,Default,Default,Default,Default,Default,Default,Default,Default,Default,Default,Default,Default,Default,Core(Runtime=Core),,1,Overhead,19,614500,262144,2.34
SpanT.TestSlice,SpanSample,SpanT,TestSlice,Core,Default,Default,Default,Default,Default,Default,Default,Default,Default,Default,Default,Core,Default,Default,Default,Default,Default,Default,Default,Default,Default,Default,Default,Default,Default,Default,Default,Default,Default,Default,Default,Default,Default,Default,Default,Default,Default,Default,Core(Runtime=Core),,1,Overhead,20,657300,262144,2.51
SpanT.TestSlice,SpanSample,SpanT,TestSlice,Core,Default,Default,Default,Default,Default,Default,Default,Default,Default,Default,Default,Core,Default,Default,Default,Default,Default,Default,Default,Default,Default,Default,Default,Default,Default,Default,Default,Default,Default,Default,Default,Default,Default,Default,Default,Default,Default,Default,Core(Runtime=Core),,1,Workload,1,518021300,262144,1976.09
SpanT.TestSlice,SpanSample,SpanT,TestSlice,Core,Default,Default,Default,Default,Default,Default,Default,Default,Default,Default,Default,Core,Default,Default,Default,Default,Default,Default,Default,Default,Default,Default,Default,Default,Default,Default,Default,Default,Default,Default,Default,Default,Default,Default,Default,Default,Default,Default,Core(Runtime=Core),,1,Workload,2,539170200,262144,2056.77
SpanT.TestSlice,SpanSample,SpanT,TestSlice,Core,Default,Default,Default,Default,Default,Default,Default,Default,Default,Default,Default,Core,Default,Default,Default,Default,Default,Default,Default,Default,Default,Default,Default,Default,Default,Default,Default,Default,Default,Default,Default,Default,Default,Default,Default,Default,Default,Default,Core(Runtime=Core),,1,Workload,3,516787200,262144,1971.39
SpanT.TestSlice,SpanSample,SpanT,TestSlice,Core,Default,Default,Default,Default,Default,Default,Default,Default,Default,Default,Default,Core,Default,Default,Default,Default,Default,Default,Default,Default,Default,Default,Default,Default,Default,Default,Default,Default,Default,Default,Default,Default,Default,Default,Default,Default,Default,Default,Core(Runtime=Core),,1,Workload,4,505113900,262144,1926.86
SpanT.TestSlice,SpanSample,SpanT,TestSlice,Core,Default,Default,Default,Default,Default,Default,Default,Default,Default,Default,Default,Core,Default,Default,Default,Default,Default,Default,Default,Default,Default,Default,Default,Default,Default,Default,Default,Default,Default,Default,Default,Default,Default,Default,Default,Default,Default,Default,Core(Runtime=Core),,1,Workload,5,514680400,262144,1963.35
SpanT.TestSlice,SpanSample,SpanT,TestSlice,Core,Default,Default,Default,Default,Default,Default,Default,Default,Default,Default,Default,Core,Default,Default,Default,Default,Default,Default,Default,Default,Default,Default,Default,Default,Default,Default,Default,Default,Default,Default,Default,Default,Default,Default,Default,Default,Default,Default,Core(Runtime=Core),,1,Workload,6,504093000,262144,1922.96
SpanT.TestSlice,SpanSample,SpanT,TestSlice,Core,Default,Default,Default,Default,Default,Default,Default,Default,Default,Default,Default,Core,Default,Default,Default,Default,Default,Default,Default,Default,Default,Default,Default,Default,Default,Default,Default,Default,Default,Default,Default,Default,Default,Default,Default,Default,Default,Default,Core(Runtime=Core),,1,Workload,1,521992100,262144,1991.24
SpanT.TestSlice,SpanSample,SpanT,TestSlice,Core,Default,Default,Default,Default,Default,Default,Default,Default,Default,Default,Default,Core,Default,Default,Default,Default,Default,Default,Default,Default,Default,Default,Default,Default,Default,Default,Default,Default,Default,Default,Default,Default,Default,Default,Default,Default,Default,Default,Core(Runtime=Core),,1,Workload,2,512483300,262144,1954.97
SpanT.TestSlice,SpanSample,SpanT,TestSlice,Core,Default,Default,Default,Default,Default,Default,Default,Default,Default,Default,Default,Core,Default,Default,Default,Default,Default,Default,Default,Default,Default,Default,Default,Default,Default,Default,Default,Default,Default,Default,Default,Default,Default,Default,Default,Default,Default,Default,Core(Runtime=Core),,1,Workload,3,517155000,262144,1972.79
SpanT.TestSlice,SpanSample,SpanT,TestSlice,Core,Default,Default,Default,Default,Default,Default,Default,Default,Default,Default,Default,Core,Default,Default,Default,Default,Default,Default,Default,Default,Default,Default,Default,Default,Default,Default,Default,Default,Default,Default,Default,Default,Default,Default,Default,Default,Default,Default,Core(Runtime=Core),,1,Workload,4,505301700,262144,1927.57
SpanT.TestSlice,SpanSample,SpanT,TestSlice,Core,Default,Default,Default,Default,Default,Default,Default,Default,Default,Default,Default,Core,Default,Default,Default,Default,Default,Default,Default,Default,Default,Default,Default,Default,Default,Default,Default,Default,Default,Default,Default,Default,Default,Default,Default,Default,Default,Default,Core(Runtime=Core),,1,Workload,5,507127700,262144,1934.54
SpanT.TestSlice,SpanSample,SpanT,TestSlice,Core,Default,Default,Default,Default,Default,Default,Default,Default,Default,Default,Default,Core,Default,Default,Default,Default,Default,Default,Default,Default,Default,Default,Default,Default,Default,Default,Default,Default,Default,Default,Default,Default,Default,Default,Default,Default,Default,Default,Core(Runtime=Core),,1,Workload,6,503103100,262144,1919.19
SpanT.TestSlice,SpanSample,SpanT,TestSlice,Core,Default,Default,Default,Default,Default,Default,Default,Default,Default,Default,Default,Core,Default,Default,Default,Default,Default,Default,Default,Default,Default,Default,Default,Default,Default,Default,Default,Default,Default,Default,Default,Default,Default,Default,Default,Default,Default,Default,Core(Runtime=Core),,1,Workload,7,506482800,262144,1932.08
SpanT.TestSlice,SpanSample,SpanT,TestSlice,Core,Default,Default,Default,Default,Default,Default,Default,Default,Default,Default,Default,Core,Default,Default,Default,Default,Default,Default,Default,Default,Default,Default,Default,Default,Default,Default,Default,Default,Default,Default,Default,Default,Default,Default,Default,Default,Default,Default,Core(Runtime=Core),,1,Workload,8,508399600,262144,1939.39
SpanT.TestSlice,SpanSample,SpanT,TestSlice,Core,Default,Default,Default,Default,Default,Default,Default,Default,Default,Default,Default,Core,Default,Default,Default,Default,Default,Default,Default,Default,Default,Default,Default,Default,Default,Default,Default,Default,Default,Default,Default,Default,Default,Default,Default,Default,Default,Default,Core(Runtime=Core),,1,Workload,9,511154500,262144,1949.9
SpanT.TestSlice,SpanSample,SpanT,TestSlice,Core,Default,Default,Default,Default,Default,Default,Default,Default,Default,Default,Default,Core,Default,Default,Default,Default,Default,Default,Default,Default,Default,Default,Default,Default,Default,Default,Default,Default,Default,Default,Default,Default,Default,Default,Default,Default,Default,Default,Core(Runtime=Core),,1,Workload,10,515884500,262144,1967.94
SpanT.TestSlice,SpanSample,SpanT,TestSlice,Core,Default,Default,Default,Default,Default,Default,Default,Default,Default,Default,Default,Core,Default,Default,Default,Default,Default,Default,Default,Default,Default,Default,Default,Default,Default,Default,Default,Default,Default,Default,Default,Default,Default,Default,Default,Default,Default,Default,Core(Runtime=Core),,1,Workload,11,514714900,262144,1963.48
SpanT.TestSlice,SpanSample,SpanT,TestSlice,Core,Default,Default,Default,Default,Default,Default,Default,Default,Default,Default,Default,Core,Default,Default,Default,Default,Default,Default,Default,Default,Default,Default,Default,Default,Default,Default,Default,Default,Default,Default,Default,Default,Default,Default,Default,Default,Default,Default,Core(Runtime=Core),,1,Workload,12,502737500,262144,1917.79
SpanT.TestSlice,SpanSample,SpanT,TestSlice,Core,Default,Default,Default,Default,Default,Default,Default,Default,Default,Default,Default,Core,Default,Default,Default,Default,Default,Default,Default,Default,Default,Default,Default,Default,Default,Default,Default,Default,Default,Default,Default,Default,Default,Default,Default,Default,Default,Default,Core(Runtime=Core),,1,Workload,13,515407000,262144,1966.12
SpanT.TestSlice,SpanSample,SpanT,TestSlice,Core,Default,Default,Default,Default,Default,Default,Default,Default,Default,Default,Default,Core,Default,Default,Default,Default,Default,Default,Default,Default,Default,Default,Default,Default,Default,Default,Default,Default,Default,Default,Default,Default,Default,Default,Default,Default,Default,Default,Core(Runtime=Core),,1,Workload,14,501824300,262144,1914.31
SpanT.TestSlice,SpanSample,SpanT,TestSlice,Core,Default,Default,Default,Default,Default,Default,Default,Default,Default,Default,Default,Core,Default,Default,Default,Default,Default,Default,Default,Default,Default,Default,Default,Default,Default,Default,Default,Default,Default,Default,Default,Default,Default,Default,Default,Default,Default,Default,Core(Runtime=Core),,1,Workload,15,514510700,262144,1962.7
SpanT.TestSlice,SpanSample,SpanT,TestSlice,Core,Default,Default,Default,Default,Default,Default,Default,Default,Default,Default,Default,Core,Default,Default,Default,Default,Default,Default,Default,Default,Default,Default,Default,Default,Default,Default,Default,Default,Default,Default,Default,Default,Default,Default,Default,Default,Default,Default,Core(Runtime=Core),,1,Workload,1,521268705,262144,1988.48
SpanT.TestSlice,SpanSample,SpanT,TestSlice,Core,Default,Default,Default,Default,Default,Default,Default,Default,Default,Default,Default,Core,Default,Default,Default,Default,Default,Default,Default,Default,Default,Default,Default,Default,Default,Default,Default,Default,Default,Default,Default,Default,Default,Default,Default,Default,Default,Default,Core(Runtime=Core),,1,Workload,2,511759905,262144,1952.21
SpanT.TestSlice,SpanSample,SpanT,TestSlice,Core,Default,Default,Default,Default,Default,Default,Default,Default,Default,Default,Default,Core,Default,Default,Default,Default,Default,Default,Default,Default,Default,Default,Default,Default,Default,Default,Default,Default,Default,Default,Default,Default,Default,Default,Default,Default,Default,Default,Core(Runtime=Core),,1,Workload,3,516431605,262144,1970.03
SpanT.TestSlice,SpanSample,SpanT,TestSlice,Core,Default,Default,Default,Default,Default,Default,Default,Default,Default,Default,Default,Core,Default,Default,Default,Default,Default,Default,Default,Default,Default,Default,Default,Default,Default,Default,Default,Default,Default,Default,Default,Default,Default,Default,Default,Default,Default,Default,Core(Runtime=Core),,1,Workload,4,504578305,262144,1924.81
SpanT.TestSlice,SpanSample,SpanT,TestSlice,Core,Default,Default,Default,Default,Default,Default,Default,Default,Default,Default,Default,Core,Default,Default,Default,Default,Default,Default,Default,Default,Default,Default,Default,Default,Default,Default,Default,Default,Default,Default,Default,Default,Default,Default,Default,Default,Default,Default,Core(Runtime=Core),,1,Workload,5,506404305,262144,1931.78
SpanT.TestSlice,SpanSample,SpanT,TestSlice,Core,Default,Default,Default,Default,Default,Default,Default,Default,Default,Default,Default,Core,Default,Default,Default,Default,Default,Default,Default,Default,Default,Default,Default,Default,Default,Default,Default,Default,Default,Default,Default,Default,Default,Default,Default,Default,Default,Default,Core(Runtime=Core),,1,Workload,6,502379705,262144,1916.43
SpanT.TestSlice,SpanSample,SpanT,TestSlice,Core,Default,Default,Default,Default,Default,Default,Default,Default,Default,Default,Default,Core,Default,Default,Default,Default,Default,Default,Default,Default,Default,Default,Default,Default,Default,Default,Default,Default,Default,Default,Default,Default,Default,Default,Default,Default,Default,Default,Core(Runtime=Core),,1,Workload,7,505759405,262144,1929.32
SpanT.TestSlice,SpanSample,SpanT,TestSlice,Core,Default,Default,Default,Default,Default,Default,Default,Default,Default,Default,Default,Core,Default,Default,Default,Default,Default,Default,Default,Default,Default,Default,Default,Default,Default,Default,Default,Default,Default,Default,Default,Default,Default,Default,Default,Default,Default,Default,Core(Runtime=Core),,1,Workload,8,507676205,262144,1936.63
SpanT.TestSlice,SpanSample,SpanT,TestSlice,Core,Default,Default,Default,Default,Default,Default,Default,Default,Default,Default,Default,Core,Default,Default,Default,Default,Default,Default,Default,Default,Default,Default,Default,Default,Default,Default,Default,Default,Default,Default,Default,Default,Default,Default,Default,Default,Default,Default,Core(Runtime=Core),,1,Workload,9,510431105,262144,1947.14
SpanT.TestSlice,SpanSample,SpanT,TestSlice,Core,Default,Default,Default,Default,Default,Default,Default,Default,Default,Default,Default,Core,Default,Default,Default,Default,Default,Default,Default,Default,Default,Default,Default,Default,Default,Default,Default,Default,Default,Default,Default,Default,Default,Default,Default,Default,Default,Default,Core(Runtime=Core),,1,Workload,10,515161105,262144,1965.18
SpanT.TestSlice,SpanSample,SpanT,TestSlice,Core,Default,Default,Default,Default,Default,Default,Default,Default,Default,Default,Default,Core,Default,Default,Default,Default,Default,Default,Default,Default,Default,Default,Default,Default,Default,Default,Default,Default,Default,Default,Default,Default,Default,Default,Default,Default,Default,Default,Core(Runtime=Core),,1,Workload,11,513991505,262144,1960.72
SpanT.TestSlice,SpanSample,SpanT,TestSlice,Core,Default,Default,Default,Default,Default,Default,Default,Default,Default,Default,Default,Core,Default,Default,Default,Default,Default,Default,Default,Default,Default,Default,Default,Default,Default,Default,Default,Default,Default,Default,Default,Default,Default,Default,Default,Default,Default,Default,Core(Runtime=Core),,1,Workload,12,502014105,262144,1915.03
SpanT.TestSlice,SpanSample,SpanT,TestSlice,Core,Default,Default,Default,Default,Default,Default,Default,Default,Default,Default,Default,Core,Default,Default,Default,Default,Default,Default,Default,Default,Default,Default,Default,Default,Default,Default,Default,Default,Default,Default,Default,Default,Default,Default,Default,Default,Default,Default,Core(Runtime=Core),,1,Workload,13,514683605,262144,1963.36
SpanT.TestSlice,SpanSample,SpanT,TestSlice,Core,Default,Default,Default,Default,Default,Default,Default,Default,Default,Default,Default,Core,Default,Default,Default,Default,Default,Default,Default,Default,Default,Default,Default,Default,Default,Default,Default,Default,Default,Default,Default,Default,Default,Default,Default,Default,Default,Default,Core(Runtime=Core),,1,Workload,14,501100905,262144,1911.55
SpanT.TestSlice,SpanSample,SpanT,TestSlice,Core,Default,Default,Default,Default,Default,Default,Default,Default,Default,Default,Default,Core,Default,Default,Default,Default,Default,Default,Default,Default,Default,Default,Default,Default,Default,Default,Default,Default,Default,Default,Default,Default,Default,Default,Default,Default,Default,Default,Core(Runtime=Core),,1,Workload,15,513787305,262144,1959.94
SpanT.TestSubString,SpanSample,SpanT,TestSubString,Core,Default,Default,Default,Default,Default,Default,Default,Default,Default,Default,Default,Core,Default,Default,Default,Default,Default,Default,Default,Default,Default,Default,Default,Default,Default,Default,Default,Default,Default,Default,Default,Default,Default,Default,Default,Default,Default,Default,Core(Runtime=Core),,1,Overhead,1,394400,1,394400
SpanT.TestSubString,SpanSample,SpanT,TestSubString,Core,Default,Default,Default,Default,Default,Default,Default,Default,Default,Default,Default,Core,Default,Default,Default,Default,Default,Default,Default,Default,Default,Default,Default,Default,Default,Default,Default,Default,Default,Default,Default,Default,Default,Default,Default,Default,Default,Default,Core(Runtime=Core),,1,Workload,1,563300,1,563300
SpanT.TestSubString,SpanSample,SpanT,TestSubString,Core,Default,Default,Default,Default,Default,Default,Default,Default,Default,Default,Default,Core,Default,Default,Default,Default,Default,Default,Default,Default,Default,Default,Default,Default,Default,Default,Default,Default,Default,Default,Default,Default,Default,Default,Default,Default,Default,Default,Core(Runtime=Core),,1,Overhead,2,396800,16,24800
SpanT.TestSubString,SpanSample,SpanT,TestSubString,Core,Default,Default,Default,Default,Default,Default,Default,Default,Default,Default,Default,Core,Default,Default,Default,Default,Default,Default,Default,Default,Default,Default,Default,Default,Default,Default,Default,Default,Default,Default,Default,Default,Default,Default,Default,Default,Default,Default,Core(Runtime=Core),,1,Workload,2,492500,16,30781.25
SpanT.TestSubString,SpanSample,SpanT,TestSubString,Core,Default,Default,Default,Default,Default,Default,Default,Default,Default,Default,Default,Core,Default,Default,Default,Default,Default,Default,Default,Default,Default,Default,Default,Default,Default,Default,Default,Default,Default,Default,Default,Default,Default,Default,Default,Default,Default,Default,Core(Runtime=Core),,1,Workload,1,73100,16,4568.75
SpanT.TestSubString,SpanSample,SpanT,TestSubString,Core,Default,Default,Default,Default,Default,Default,Default,Default,Default,Default,Default,Core,Default,Default,Default,Default,Default,Default,Default,Default,Default,Default,Default,Default,Default,Default,Default,Default,Default,Default,Default,Default,Default,Default,Default,Default,Default,Default,Core(Runtime=Core),,1,Workload,2,101600,32,3175
SpanT.TestSubString,SpanSample,SpanT,TestSubString,Core,Default,Default,Default,Default,Default,Default,Default,Default,Default,Default,Default,Core,Default,Default,Default,Default,Default,Default,Default,Default,Default,Default,Default,Default,Default,Default,Default,Default,Default,Default,Default,Default,Default,Default,Default,Default,Default,Default,Core(Runtime=Core),,1,Workload,3,155700,64,2432.81
SpanT.TestSubString,SpanSample,SpanT,TestSubString,Core,Default,Default,Default,Default,Default,Default,Default,Default,Default,Default,Default,Core,Default,Default,Default,Default,Default,Default,Default,Default,Default,Default,Default,Default,Default,Default,Default,Default,Default,Default,Default,Default,Default,Default,Default,Default,Default,Default,Core(Runtime=Core),,1,Workload,4,345900,128,2702.34
SpanT.TestSubString,SpanSample,SpanT,TestSubString,Core,Default,Default,Default,Default,Default,Default,Default,Default,Default,Default,Default,Core,Default,Default,Default,Default,Default,Default,Default,Default,Default,Default,Default,Default,Default,Default,Default,Default,Default,Default,Default,Default,Default,Default,Default,Default,Default,Default,Core(Runtime=Core),,1,Workload,5,696500,256,2720.7
SpanT.TestSubString,SpanSample,SpanT,TestSubString,Core,Default,Default,Default,Default,Default,Default,Default,Default,Default,Default,Default,Core,Default,Default,Default,Default,Default,Default,Default,Default,Default,Default,Default,Default,Default,Default,Default,Default,Default,Default,Default,Default,Default,Default,Default,Default,Default,Default,Core(Runtime=Core),,1,Workload,6,1369900,512,2675.59
SpanT.TestSubString,SpanSample,SpanT,TestSubString,Core,Default,Default,Default,Default,Default,Default,Default,Default,Default,Default,Default,Core,Default,Default,Default,Default,Default,Default,Default,Default,Default,Default,Default,Default,Default,Default,Default,Default,Default,Default,Default,Default,Default,Default,Default,Default,Default,Default,Core(Runtime=Core),,1,Workload,7,3162800,1024,3088.67
SpanT.TestSubString,SpanSample,SpanT,TestSubString,Core,Default,Default,Default,Default,Default,Default,Default,Default,Default,Default,Default,Core,Default,Default,Default,Default,Default,Default,Default,Default,Default,Default,Default,Default,Default,Default,Default,Default,Default,Default,Default,Default,Default,Default,Default,Default,Default,Default,Core(Runtime=Core),,1,Workload,8,4273800,2048,2086.82
SpanT.TestSubString,SpanSample,SpanT,TestSubString,Core,Default,Default,Default,Default,Default,Default,Default,Default,Default,Default,Default,Core,Default,Default,Default,Default,Default,Default,Default,Default,Default,Default,Default,Default,Default,Default,Default,Default,Default,Default,Default,Default,Default,Default,Default,Default,Default,Default,Core(Runtime=Core),,1,Workload,9,10635100,4096,2596.46
SpanT.TestSubString,SpanSample,SpanT,TestSubString,Core,Default,Default,Default,Default,Default,Default,Default,Default,Default,Default,Default,Core,Default,Default,Default,Default,Default,Default,Default,Default,Default,Default,Default,Default,Default,Default,Default,Default,Default,Default,Default,Default,Default,Default,Default,Default,Default,Default,Core(Runtime=Core),,1,Workload,10,17144100,8192,2092.79
SpanT.TestSubString,SpanSample,SpanT,TestSubString,Core,Default,Default,Default,Default,Default,Default,Default,Default,Default,Default,Default,Core,Default,Default,Default,Default,Default,Default,Default,Default,Default,Default,Default,Default,Default,Default,Default,Default,Default,Default,Default,Default,Default,Default,Default,Default,Default,Default,Core(Runtime=Core),,1,Workload,11,33913800,16384,2069.93
SpanT.TestSubString,SpanSample,SpanT,TestSubString,Core,Default,Default,Default,Default,Default,Default,Default,Default,Default,Default,Default,Core,Default,Default,Default,Default,Default,Default,Default,Default,Default,Default,Default,Default,Default,Default,Default,Default,Default,Default,Default,Default,Default,Default,Default,Default,Default,Default,Core(Runtime=Core),,1,Workload,12,66075900,32768,2016.48
SpanT.TestSubString,SpanSample,SpanT,TestSubString,Core,Default,Default,Default,Default,Default,Default,Default,Default,Default,Default,Default,Core,Default,Default,Default,Default,Default,Default,Default,Default,Default,Default,Default,Default,Default,Default,Default,Default,Default,Default,Default,Default,Default,Default,Default,Default,Default,Default,Core(Runtime=Core),,1,Workload,13,130004500,65536,1983.71
SpanT.TestSubString,SpanSample,SpanT,TestSubString,Core,Default,Default,Default,Default,Default,Default,Default,Default,Default,Default,Default,Core,Default,Default,Default,Default,Default,Default,Default,Default,Default,Default,Default,Default,Default,Default,Default,Default,Default,Default,Default,Default,Default,Default,Default,Default,Default,Default,Core(Runtime=Core),,1,Workload,14,263155500,131072,2007.72
SpanT.TestSubString,SpanSample,SpanT,TestSubString,Core,Default,Default,Default,Default,Default,Default,Default,Default,Default,Default,Default,Core,Default,Default,Default,Default,Default,Default,Default,Default,Default,Default,Default,Default,Default,Default,Default,Default,Default,Default,Default,Default,Default,Default,Default,Default,Default,Default,Core(Runtime=Core),,1,Workload,15,522052800,262144,1991.47
SpanT.TestSubString,SpanSample,SpanT,TestSubString,Core,Default,Default,Default,Default,Default,Default,Default,Default,Default,Default,Default,Core,Default,Default,Default,Default,Default,Default,Default,Default,Default,Default,Default,Default,Default,Default,Default,Default,Default,Default,Default,Default,Default,Default,Default,Default,Default,Default,Core(Runtime=Core),,1,Overhead,1,500800,262144,1.91
SpanT.TestSubString,SpanSample,SpanT,TestSubString,Core,Default,Default,Default,Default,Default,Default,Default,Default,Default,Default,Default,Core,Default,Default,Default,Default,Default,Default,Default,Default,Default,Default,Default,Default,Default,Default,Default,Default,Default,Default,Default,Default,Default,Default,Default,Default,Default,Default,Core(Runtime=Core),,1,Overhead,2,483200,262144,1.84
SpanT.TestSubString,SpanSample,SpanT,TestSubString,Core,Default,Default,Default,Default,Default,Default,Default,Default,Default,Default,Default,Core,Default,Default,Default,Default,Default,Default,Default,Default,Default,Default,Default,Default,Default,Default,Default,Default,Default,Default,Default,Default,Default,Default,Default,Default,Default,Default,Core(Runtime=Core),,1,Overhead,3,807200,262144,3.08
SpanT.TestSubString,SpanSample,SpanT,TestSubString,Core,Default,Default,Default,Default,Default,Default,Default,Default,Default,Default,Default,Core,Default,Default,Default,Default,Default,Default,Default,Default,Default,Default,Default,Default,Default,Default,Default,Default,Default,Default,Default,Default,Default,Default,Default,Default,Default,Default,Core(Runtime=Core),,1,Overhead,4,799900,262144,3.05
SpanT.TestSubString,SpanSample,SpanT,TestSubString,Core,Default,Default,Default,Default,Default,Default,Default,Default,Default,Default,Default,Core,Default,Default,Default,Default,Default,Default,Default,Default,Default,Default,Default,Default,Default,Default,Default,Default,Default,Default,Default,Default,Default,Default,Default,Default,Default,Default,Core(Runtime=Core),,1,Overhead,5,767200,262144,2.93
SpanT.TestSubString,SpanSample,SpanT,TestSubString,Core,Default,Default,Default,Default,Default,Default,Default,Default,Default,Default,Default,Core,Default,Default,Default,Default,Default,Default,Default,Default,Default,Default,Default,Default,Default,Default,Default,Default,Default,Default,Default,Default,Default,Default,Default,Default,Default,Default,Core(Runtime=Core),,1,Overhead,6,735000,262144,2.8
SpanT.TestSubString,SpanSample,SpanT,TestSubString,Core,Default,Default,Default,Default,Default,Default,Default,Default,Default,Default,Default,Core,Default,Default,Default,Default,Default,Default,Default,Default,Default,Default,Default,Default,Default,Default,Default,Default,Default,Default,Default,Default,Default,Default,Default,Default,Default,Default,Core(Runtime=Core),,1,Overhead,7,577000,262144,2.2
SpanT.TestSubString,SpanSample,SpanT,TestSubString,Core,Default,Default,Default,Default,Default,Default,Default,Default,Default,Default,Default,Core,Default,Default,Default,Default,Default,Default,Default,Default,Default,Default,Default,Default,Default,Default,Default,Default,Default,Default,Default,Default,Default,Default,Default,Default,Default,Default,Core(Runtime=Core),,1,Overhead,8,542500,262144,2.07
SpanT.TestSubString,SpanSample,SpanT,TestSubString,Core,Default,Default,Default,Default,Default,Default,Default,Default,Default,Default,Default,Core,Default,Default,Default,Default,Default,Default,Default,Default,Default,Default,Default,Default,Default,Default,Default,Default,Default,Default,Default,Default,Default,Default,Default,Default,Default,Default,Core(Runtime=Core),,1,Overhead,9,687100,262144,2.62
SpanT.TestSubString,SpanSample,SpanT,TestSubString,Core,Default,Default,Default,Default,Default,Default,Default,Default,Default,Default,Default,Core,Default,Default,Default,Default,Default,Default,Default,Default,Default,Default,Default,Default,Default,Default,Default,Default,Default,Default,Default,Default,Default,Default,Default,Default,Default,Default,Core(Runtime=Core),,1,Overhead,10,660500,262144,2.52
SpanT.TestSubString,SpanSample,SpanT,TestSubString,Core,Default,Default,Default,Default,Default,Default,Default,Default,Default,Default,Default,Core,Default,Default,Default,Default,Default,Default,Default,Default,Default,Default,Default,Default,Default,Default,Default,Default,Default,Default,Default,Default,Default,Default,Default,Default,Default,Default,Core(Runtime=Core),,1,Overhead,1,859400,262144,3.28
SpanT.TestSubString,SpanSample,SpanT,TestSubString,Core,Default,Default,Default,Default,Default,Default,Default,Default,Default,Default,Default,Core,Default,Default,Default,Default,Default,Default,Default,Default,Default,Default,Default,Default,Default,Default,Default,Default,Default,Default,Default,Default,Default,Default,Default,Default,Default,Default,Core(Runtime=Core),,1,Overhead,2,699400,262144,2.67
SpanT.TestSubString,SpanSample,SpanT,TestSubString,Core,Default,Default,Default,Default,Default,Default,Default,Default,Default,Default,Default,Core,Default,Default,Default,Default,Default,Default,Default,Default,Default,Default,Default,Default,Default,Default,Default,Default,Default,Default,Default,Default,Default,Default,Default,Default,Default,Default,Core(Runtime=Core),,1,Overhead,3,515600,262144,1.97
SpanT.TestSubString,SpanSample,SpanT,TestSubString,Core,Default,Default,Default,Default,Default,Default,Default,Default,Default,Default,Default,Core,Default,Default,Default,Default,Default,Default,Default,Default,Default,Default,Default,Default,Default,Default,Default,Default,Default,Default,Default,Default,Default,Default,Default,Default,Default,Default,Core(Runtime=Core),,1,Overhead,4,1984700,262144,7.57
SpanT.TestSubString,SpanSample,SpanT,TestSubString,Core,Default,Default,Default,Default,Default,Default,Default,Default,Default,Default,Default,Core,Default,Default,Default,Default,Default,Default,Default,Default,Default,Default,Default,Default,Default,Default,Default,Default,Default,Default,Default,Default,Default,Default,Default,Default,Default,Default,Core(Runtime=Core),,1,Overhead,5,753400,262144,2.87
SpanT.TestSubString,SpanSample,SpanT,TestSubString,Core,Default,Default,Default,Default,Default,Default,Default,Default,Default,Default,Default,Core,Default,Default,Default,Default,Default,Default,Default,Default,Default,Default,Default,Default,Default,Default,Default,Default,Default,Default,Default,Default,Default,Default,Default,Default,Default,Default,Core(Runtime=Core),,1,Overhead,6,627500,262144,2.39
SpanT.TestSubString,SpanSample,SpanT,TestSubString,Core,Default,Default,Default,Default,Default,Default,Default,Default,Default,Default,Default,Core,Default,Default,Default,Default,Default,Default,Default,Default,Default,Default,Default,Default,Default,Default,Default,Default,Default,Default,Default,Default,Default,Default,Default,Default,Default,Default,Core(Runtime=Core),,1,Overhead,7,651700,262144,2.49
SpanT.TestSubString,SpanSample,SpanT,TestSubString,Core,Default,Default,Default,Default,Default,Default,Default,Default,Default,Default,Default,Core,Default,Default,Default,Default,Default,Default,Default,Default,Default,Default,Default,Default,Default,Default,Default,Default,Default,Default,Default,Default,Default,Default,Default,Default,Default,Default,Core(Runtime=Core),,1,Overhead,8,496200,262144,1.89
SpanT.TestSubString,SpanSample,SpanT,TestSubString,Core,Default,Default,Default,Default,Default,Default,Default,Default,Default,Default,Default,Core,Default,Default,Default,Default,Default,Default,Default,Default,Default,Default,Default,Default,Default,Default,Default,Default,Default,Default,Default,Default,Default,Default,Default,Default,Default,Default,Core(Runtime=Core),,1,Overhead,9,768600,262144,2.93
SpanT.TestSubString,SpanSample,SpanT,TestSubString,Core,Default,Default,Default,Default,Default,Default,Default,Default,Default,Default,Default,Core,Default,Default,Default,Default,Default,Default,Default,Default,Default,Default,Default,Default,Default,Default,Default,Default,Default,Default,Default,Default,Default,Default,Default,Default,Default,Default,Core(Runtime=Core),,1,Overhead,10,729700,262144,2.78
SpanT.TestSubString,SpanSample,SpanT,TestSubString,Core,Default,Default,Default,Default,Default,Default,Default,Default,Default,Default,Default,Core,Default,Default,Default,Default,Default,Default,Default,Default,Default,Default,Default,Default,Default,Default,Default,Default,Default,Default,Default,Default,Default,Default,Default,Default,Default,Default,Core(Runtime=Core),,1,Overhead,11,742800,262144,2.83
SpanT.TestSubString,SpanSample,SpanT,TestSubString,Core,Default,Default,Default,Default,Default,Default,Default,Default,Default,Default,Default,Core,Default,Default,Default,Default,Default,Default,Default,Default,Default,Default,Default,Default,Default,Default,Default,Default,Default,Default,Default,Default,Default,Default,Default,Default,Default,Default,Core(Runtime=Core),,1,Overhead,12,562900,262144,2.15
SpanT.TestSubString,SpanSample,SpanT,TestSubString,Core,Default,Default,Default,Default,Default,Default,Default,Default,Default,Default,Default,Core,Default,Default,Default,Default,Default,Default,Default,Default,Default,Default,Default,Default,Default,Default,Default,Default,Default,Default,Default,Default,Default,Default,Default,Default,Default,Default,Core(Runtime=Core),,1,Overhead,13,582800,262144,2.22
SpanT.TestSubString,SpanSample,SpanT,TestSubString,Core,Default,Default,Default,Default,Default,Default,Default,Default,Default,Default,Default,Core,Default,Default,Default,Default,Default,Default,Default,Default,Default,Default,Default,Default,Default,Default,Default,Default,Default,Default,Default,Default,Default,Default,Default,Default,Default,Default,Core(Runtime=Core),,1,Overhead,14,685500,262144,2.61
SpanT.TestSubString,SpanSample,SpanT,TestSubString,Core,Default,Default,Default,Default,Default,Default,Default,Default,Default,Default,Default,Core,Default,Default,Default,Default,Default,Default,Default,Default,Default,Default,Default,Default,Default,Default,Default,Default,Default,Default,Default,Default,Default,Default,Default,Default,Default,Default,Core(Runtime=Core),,1,Overhead,15,772000,262144,2.94
SpanT.TestSubString,SpanSample,SpanT,TestSubString,Core,Default,Default,Default,Default,Default,Default,Default,Default,Default,Default,Default,Core,Default,Default,Default,Default,Default,Default,Default,Default,Default,Default,Default,Default,Default,Default,Default,Default,Default,Default,Default,Default,Default,Default,Default,Default,Default,Default,Core(Runtime=Core),,1,Overhead,16,501000,262144,1.91
SpanT.TestSubString,SpanSample,SpanT,TestSubString,Core,Default,Default,Default,Default,Default,Default,Default,Default,Default,Default,Default,Core,Default,Default,Default,Default,Default,Default,Default,Default,Default,Default,Default,Default,Default,Default,Default,Default,Default,Default,Default,Default,Default,Default,Default,Default,Default,Default,Core(Runtime=Core),,1,Overhead,17,942300,262144,3.59
SpanT.TestSubString,SpanSample,SpanT,TestSubString,Core,Default,Default,Default,Default,Default,Default,Default,Default,Default,Default,Default,Core,Default,Default,Default,Default,Default,Default,Default,Default,Default,Default,Default,Default,Default,Default,Default,Default,Default,Default,Default,Default,Default,Default,Default,Default,Default,Default,Core(Runtime=Core),,1,Overhead,18,564600,262144,2.15
SpanT.TestSubString,SpanSample,SpanT,TestSubString,Core,Default,Default,Default,Default,Default,Default,Default,Default,Default,Default,Default,Core,Default,Default,Default,Default,Default,Default,Default,Default,Default,Default,Default,Default,Default,Default,Default,Default,Default,Default,Default,Default,Default,Default,Default,Default,Default,Default,Core(Runtime=Core),,1,Overhead,19,875600,262144,3.34
SpanT.TestSubString,SpanSample,SpanT,TestSubString,Core,Default,Default,Default,Default,Default,Default,Default,Default,Default,Default,Default,Core,Default,Default,Default,Default,Default,Default,Default,Default,Default,Default,Default,Default,Default,Default,Default,Default,Default,Default,Default,Default,Default,Default,Default,Default,Default,Default,Core(Runtime=Core),,1,Overhead,20,830900,262144,3.17
SpanT.TestSubString,SpanSample,SpanT,TestSubString,Core,Default,Default,Default,Default,Default,Default,Default,Default,Default,Default,Default,Core,Default,Default,Default,Default,Default,Default,Default,Default,Default,Default,Default,Default,Default,Default,Default,Default,Default,Default,Default,Default,Default,Default,Default,Default,Default,Default,Core(Runtime=Core),,1,Workload,1,519253600,262144,1980.8
SpanT.TestSubString,SpanSample,SpanT,TestSubString,Core,Default,Default,Default,Default,Default,Default,Default,Default,Default,Default,Default,Core,Default,Default,Default,Default,Default,Default,Default,Default,Default,Default,Default,Default,Default,Default,Default,Default,Default,Default,Default,Default,Default,Default,Default,Default,Default,Default,Core(Runtime=Core),,1,Workload,2,523140500,262144,1995.62
SpanT.TestSubString,SpanSample,SpanT,TestSubString,Core,Default,Default,Default,Default,Default,Default,Default,Default,Default,Default,Default,Core,Default,Default,Default,Default,Default,Default,Default,Default,Default,Default,Default,Default,Default,Default,Default,Default,Default,Default,Default,Default,Default,Default,Default,Default,Default,Default,Core(Runtime=Core),,1,Workload,3,526426400,262144,2008.16
SpanT.TestSubString,SpanSample,SpanT,TestSubString,Core,Default,Default,Default,Default,Default,Default,Default,Default,Default,Default,Default,Core,Default,Default,Default,Default,Default,Default,Default,Default,Default,Default,Default,Default,Default,Default,Default,Default,Default,Default,Default,Default,Default,Default,Default,Default,Default,Default,Core(Runtime=Core),,1,Workload,4,525019100,262144,2002.79
SpanT.TestSubString,SpanSample,SpanT,TestSubString,Core,Default,Default,Default,Default,Default,Default,Default,Default,Default,Default,Default,Core,Default,Default,Default,Default,Default,Default,Default,Default,Default,Default,Default,Default,Default,Default,Default,Default,Default,Default,Default,Default,Default,Default,Default,Default,Default,Default,Core(Runtime=Core),,1,Workload,5,529851100,262144,2021.22
SpanT.TestSubString,SpanSample,SpanT,TestSubString,Core,Default,Default,Default,Default,Default,Default,Default,Default,Default,Default,Default,Core,Default,Default,Default,Default,Default,Default,Default,Default,Default,Default,Default,Default,Default,Default,Default,Default,Default,Default,Default,Default,Default,Default,Default,Default,Default,Default,Core(Runtime=Core),,1,Workload,6,535264000,262144,2041.87
SpanT.TestSubString,SpanSample,SpanT,TestSubString,Core,Default,Default,Default,Default,Default,Default,Default,Default,Default,Default,Default,Core,Default,Default,Default,Default,Default,Default,Default,Default,Default,Default,Default,Default,Default,Default,Default,Default,Default,Default,Default,Default,Default,Default,Default,Default,Default,Default,Core(Runtime=Core),,1,Workload,7,534726100,262144,2039.82
SpanT.TestSubString,SpanSample,SpanT,TestSubString,Core,Default,Default,Default,Default,Default,Default,Default,Default,Default,Default,Default,Core,Default,Default,Default,Default,Default,Default,Default,Default,Default,Default,Default,Default,Default,Default,Default,Default,Default,Default,Default,Default,Default,Default,Default,Default,Default,Default,Core(Runtime=Core),,1,Workload,1,519993300,262144,1983.62
SpanT.TestSubString,SpanSample,SpanT,TestSubString,Core,Default,Default,Default,Default,Default,Default,Default,Default,Default,Default,Default,Core,Default,Default,Default,Default,Default,Default,Default,Default,Default,Default,Default,Default,Default,Default,Default,Default,Default,Default,Default,Default,Default,Default,Default,Default,Default,Default,Core(Runtime=Core),,1,Workload,2,517002600,262144,1972.21
SpanT.TestSubString,SpanSample,SpanT,TestSubString,Core,Default,Default,Default,Default,Default,Default,Default,Default,Default,Default,Default,Core,Default,Default,Default,Default,Default,Default,Default,Default,Default,Default,Default,Default,Default,Default,Default,Default,Default,Default,Default,Default,Default,Default,Default,Default,Default,Default,Core(Runtime=Core),,1,Workload,3,515536400,262144,1966.62
SpanT.TestSubString,SpanSample,SpanT,TestSubString,Core,Default,Default,Default,Default,Default,Default,Default,Default,Default,Default,Default,Core,Default,Default,Default,Default,Default,Default,Default,Default,Default,Default,Default,Default,Default,Default,Default,Default,Default,Default,Default,Default,Default,Default,Default,Default,Default,Default,Core(Runtime=Core),,1,Workload,4,540896600,262144,2063.36
SpanT.TestSubString,SpanSample,SpanT,TestSubString,Core,Default,Default,Default,Default,Default,Default,Default,Default,Default,Default,Default,Core,Default,Default,Default,Default,Default,Default,Default,Default,Default,Default,Default,Default,Default,Default,Default,Default,Default,Default,Default,Default,Default,Default,Default,Default,Default,Default,Core(Runtime=Core),,1,Workload,5,520429900,262144,1985.28
SpanT.TestSubString,SpanSample,SpanT,TestSubString,Core,Default,Default,Default,Default,Default,Default,Default,Default,Default,Default,Default,Core,Default,Default,Default,Default,Default,Default,Default,Default,Default,Default,Default,Default,Default,Default,Default,Default,Default,Default,Default,Default,Default,Default,Default,Default,Default,Default,Core(Runtime=Core),,1,Workload,6,567512100,262144,2164.89
SpanT.TestSubString,SpanSample,SpanT,TestSubString,Core,Default,Default,Default,Default,Default,Default,Default,Default,Default,Default,Default,Core,Default,Default,Default,Default,Default,Default,Default,Default,Default,Default,Default,Default,Default,Default,Default,Default,Default,Default,Default,Default,Default,Default,Default,Default,Default,Default,Core(Runtime=Core),,1,Workload,7,542586600,262144,2069.8
SpanT.TestSubString,SpanSample,SpanT,TestSubString,Core,Default,Default,Default,Default,Default,Default,Default,Default,Default,Default,Default,Core,Default,Default,Default,Default,Default,Default,Default,Default,Default,Default,Default,Default,Default,Default,Default,Default,Default,Default,Default,Default,Default,Default,Default,Default,Default,Default,Core(Runtime=Core),,1,Workload,8,540112800,262144,2060.37
SpanT.TestSubString,SpanSample,SpanT,TestSubString,Core,Default,Default,Default,Default,Default,Default,Default,Default,Default,Default,Default,Core,Default,Default,Default,Default,Default,Default,Default,Default,Default,Default,Default,Default,Default,Default,Default,Default,Default,Default,Default,Default,Default,Default,Default,Default,Default,Default,Core(Runtime=Core),,1,Workload,9,626393100,262144,2389.5
SpanT.TestSubString,SpanSample,SpanT,TestSubString,Core,Default,Default,Default,Default,Default,Default,Default,Default,Default,Default,Default,Core,Default,Default,Default,Default,Default,Default,Default,Default,Default,Default,Default,Default,Default,Default,Default,Default,Default,Default,Default,Default,Default,Default,Default,Default,Default,Default,Core(Runtime=Core),,1,Workload,10,570776000,262144,2177.34
SpanT.TestSubString,SpanSample,SpanT,TestSubString,Core,Default,Default,Default,Default,Default,Default,Default,Default,Default,Default,Default,Core,Default,Default,Default,Default,Default,Default,Default,Default,Default,Default,Default,Default,Default,Default,Default,Default,Default,Default,Default,Default,Default,Default,Default,Default,Default,Default,Core(Runtime=Core),,1,Workload,11,571581400,262144,2180.41
SpanT.TestSubString,SpanSample,SpanT,TestSubString,Core,Default,Default,Default,Default,Default,Default,Default,Default,Default,Default,Default,Core,Default,Default,Default,Default,Default,Default,Default,Default,Default,Default,Default,Default,Default,Default,Default,Default,Default,Default,Default,Default,Default,Default,Default,Default,Default,Default,Core(Runtime=Core),,1,Workload,12,566158500,262144,2159.72
SpanT.TestSubString,SpanSample,SpanT,TestSubString,Core,Default,Default,Default,Default,Default,Default,Default,Default,Default,Default,Default,Core,Default,Default,Default,Default,Default,Default,Default,Default,Default,Default,Default,Default,Default,Default,Default,Default,Default,Default,Default,Default,Default,Default,Default,Default,Default,Default,Core(Runtime=Core),,1,Workload,13,552068000,262144,2105.97
SpanT.TestSubString,SpanSample,SpanT,TestSubString,Core,Default,Default,Default,Default,Default,Default,Default,Default,Default,Default,Default,Core,Default,Default,Default,Default,Default,Default,Default,Default,Default,Default,Default,Default,Default,Default,Default,Default,Default,Default,Default,Default,Default,Default,Default,Default,Default,Default,Core(Runtime=Core),,1,Workload,14,565069200,262144,2155.57
SpanT.TestSubString,SpanSample,SpanT,TestSubString,Core,Default,Default,Default,Default,Default,Default,Default,Default,Default,Default,Default,Core,Default,Default,Default,Default,Default,Default,Default,Default,Default,Default,Default,Default,Default,Default,Default,Default,Default,Default,Default,Default,Default,Default,Default,Default,Default,Default,Core(Runtime=Core),,1,Workload,15,528713700,262144,2016.88
SpanT.TestSubString,SpanSample,SpanT,TestSubString,Core,Default,Default,Default,Default,Default,Default,Default,Default,Default,Default,Default,Core,Default,Default,Default,Default,Default,Default,Default,Default,Default,Default,Default,Default,Default,Default,Default,Default,Default,Default,Default,Default,Default,Default,Default,Default,Default,Default,Core(Runtime=Core),,1,Workload,16,526472500,262144,2008.33
SpanT.TestSubString,SpanSample,SpanT,TestSubString,Core,Default,Default,Default,Default,Default,Default,Default,Default,Default,Default,Default,Core,Default,Default,Default,Default,Default,Default,Default,Default,Default,Default,Default,Default,Default,Default,Default,Default,Default,Default,Default,Default,Default,Default,Default,Default,Default,Default,Core(Runtime=Core),,1,Workload,17,518317800,262144,1977.23
SpanT.TestSubString,SpanSample,SpanT,TestSubString,Core,Default,Default,Default,Default,Default,Default,Default,Default,Default,Default,Default,Core,Default,Default,Default,Default,Default,Default,Default,Default,Default,Default,Default,Default,Default,Default,Default,Default,Default,Default,Default,Default,Default,Default,Default,Default,Default,Default,Core(Runtime=Core),,1,Workload,18,520983700,262144,1987.4
SpanT.TestSubString,SpanSample,SpanT,TestSubString,Core,Default,Default,Default,Default,Default,Default,Default,Default,Default,Default,Default,Core,Default,Default,Default,Default,Default,Default,Default,Default,Default,Default,Default,Default,Default,Default,Default,Default,Default,Default,Default,Default,Default,Default,Default,Default,Default,Default,Core(Runtime=Core),,1,Workload,19,519648600,262144,1982.3
SpanT.TestSubString,SpanSample,SpanT,TestSubString,Core,Default,Default,Default,Default,Default,Default,Default,Default,Default,Default,Default,Core,Default,Default,Default,Default,Default,Default,Default,Default,Default,Default,Default,Default,Default,Default,Default,Default,Default,Default,Default,Default,Default,Default,Default,Default,Default,Default,Core(Runtime=Core),,1,Workload,20,524127200,262144,1999.39
SpanT.TestSubString,SpanSample,SpanT,TestSubString,Core,Default,Default,Default,Default,Default,Default,Default,Default,Default,Default,Default,Core,Default,Default,Default,Default,Default,Default,Default,Default,Default,Default,Default,Default,Default,Default,Default,Default,Default,Default,Default,Default,Default,Default,Default,Default,Default,Default,Core(Runtime=Core),,1,Workload,21,524087400,262144,1999.23
SpanT.TestSubString,SpanSample,SpanT,TestSubString,Core,Default,Default,Default,Default,Default,Default,Default,Default,Default,Default,Default,Core,Default,Default,Default,Default,Default,Default,Default,Default,Default,Default,Default,Default,Default,Default,Default,Default,Default,Default,Default,Default,Default,Default,Default,Default,Default,Default,Core(Runtime=Core),,1,Workload,22,514952500,262144,1964.39
SpanT.TestSubString,SpanSample,SpanT,TestSubString,Core,Default,Default,Default,Default,Default,Default,Default,Default,Default,Default,Default,Core,Default,Default,Default,Default,Default,Default,Default,Default,Default,Default,Default,Default,Default,Default,Default,Default,Default,Default,Default,Default,Default,Default,Default,Default,Default,Default,Core(Runtime=Core),,1,Workload,23,536761600,262144,2047.58
SpanT.TestSubString,SpanSample,SpanT,TestSubString,Core,Default,Default,Default,Default,Default,Default,Default,Default,Default,Default,Default,Core,Default,Default,Default,Default,Default,Default,Default,Default,Default,Default,Default,Default,Default,Default,Default,Default,Default,Default,Default,Default,Default,Default,Default,Default,Default,Default,Core(Runtime=Core),,1,Workload,24,513910500,262144,1960.41
SpanT.TestSubString,SpanSample,SpanT,TestSubString,Core,Default,Default,Default,Default,Default,Default,Default,Default,Default,Default,Default,Core,Default,Default,Default,Default,Default,Default,Default,Default,Default,Default,Default,Default,Default,Default,Default,Default,Default,Default,Default,Default,Default,Default,Default,Default,Default,Default,Core(Runtime=Core),,1,Workload,25,529707900,262144,2020.68
SpanT.TestSubString,SpanSample,SpanT,TestSubString,Core,Default,Default,Default,Default,Default,Default,Default,Default,Default,Default,Default,Core,Default,Default,Default,Default,Default,Default,Default,Default,Default,Default,Default,Default,Default,Default,Default,Default,Default,Default,Default,Default,Default,Default,Default,Default,Default,Default,Core(Runtime=Core),,1,Workload,26,517412600,262144,1973.77
SpanT.TestSubString,SpanSample,SpanT,TestSubString,Core,Default,Default,Default,Default,Default,Default,Default,Default,Default,Default,Default,Core,Default,Default,Default,Default,Default,Default,Default,Default,Default,Default,Default,Default,Default,Default,Default,Default,Default,Default,Default,Default,Default,Default,Default,Default,Default,Default,Core(Runtime=Core),,1,Workload,27,523408700,262144,1996.65
SpanT.TestSubString,SpanSample,SpanT,TestSubString,Core,Default,Default,Default,Default,Default,Default,Default,Default,Default,Default,Default,Core,Default,Default,Default,Default,Default,Default,Default,Default,Default,Default,Default,Default,Default,Default,Default,Default,Default,Default,Default,Default,Default,Default,Default,Default,Default,Default,Core(Runtime=Core),,1,Workload,28,514961900,262144,1964.42
SpanT.TestSubString,SpanSample,SpanT,TestSubString,Core,Default,Default,Default,Default,Default,Default,Default,Default,Default,Default,Default,Core,Default,Default,Default,Default,Default,Default,Default,Default,Default,Default,Default,Default,Default,Default,Default,Default,Default,Default,Default,Default,Default,Default,Default,Default,Default,Default,Core(Runtime=Core),,1,Workload,29,525665800,262144,2005.26
SpanT.TestSubString,SpanSample,SpanT,TestSubString,Core,Default,Default,Default,Default,Default,Default,Default,Default,Default,Default,Default,Core,Default,Default,Default,Default,Default,Default,Default,Default,Default,Default,Default,Default,Default,Default,Default,Default,Default,Default,Default,Default,Default,Default,Default,Default,Default,Default,Core(Runtime=Core),,1,Workload,30,520206100,262144,1984.43
SpanT.TestSubString,SpanSample,SpanT,TestSubString,Core,Default,Default,Default,Default,Default,Default,Default,Default,Default,Default,Default,Core,Default,Default,Default,Default,Default,Default,Default,Default,Default,Default,Default,Default,Default,Default,Default,Default,Default,Default,Default,Default,Default,Default,Default,Default,Default,Default,Core(Runtime=Core),,1,Workload,31,526011800,262144,2006.58
SpanT.TestSubString,SpanSample,SpanT,TestSubString,Core,Default,Default,Default,Default,Default,Default,Default,Default,Default,Default,Default,Core,Default,Default,Default,Default,Default,Default,Default,Default,Default,Default,Default,Default,Default,Default,Default,Default,Default,Default,Default,Default,Default,Default,Default,Default,Default,Default,Core(Runtime=Core),,1,Workload,32,518750900,262144,1978.88
SpanT.TestSubString,SpanSample,SpanT,TestSubString,Core,Default,Default,Default,Default,Default,Default,Default,Default,Default,Default,Default,Core,Default,Default,Default,Default,Default,Default,Default,Default,Default,Default,Default,Default,Default,Default,Default,Default,Default,Default,Default,Default,Default,Default,Default,Default,Default,Default,Core(Runtime=Core),,1,Workload,33,588528100,262144,2245.06
SpanT.TestSubString,SpanSample,SpanT,TestSubString,Core,Default,Default,Default,Default,Default,Default,Default,Default,Default,Default,Default,Core,Default,Default,Default,Default,Default,Default,Default,Default,Default,Default,Default,Default,Default,Default,Default,Default,Default,Default,Default,Default,Default,Default,Default,Default,Default,Default,Core(Runtime=Core),,1,Workload,34,518241600,262144,1976.93
SpanT.TestSubString,SpanSample,SpanT,TestSubString,Core,Default,Default,Default,Default,Default,Default,Default,Default,Default,Default,Default,Core,Default,Default,Default,Default,Default,Default,Default,Default,Default,Default,Default,Default,Default,Default,Default,Default,Default,Default,Default,Default,Default,Default,Default,Default,Default,Default,Core(Runtime=Core),,1,Workload,35,520833300,262144,1986.82
SpanT.TestSubString,SpanSample,SpanT,TestSubString,Core,Default,Default,Default,Default,Default,Default,Default,Default,Default,Default,Default,Core,Default,Default,Default,Default,Default,Default,Default,Default,Default,Default,Default,Default,Default,Default,Default,Default,Default,Default,Default,Default,Default,Default,Default,Default,Default,Default,Core(Runtime=Core),,1,Workload,36,524639600,262144,2001.34
SpanT.TestSubString,SpanSample,SpanT,TestSubString,Core,Default,Default,Default,Default,Default,Default,Default,Default,Default,Default,Default,Core,Default,Default,Default,Default,Default,Default,Default,Default,Default,Default,Default,Default,Default,Default,Default,Default,Default,Default,Default,Default,Default,Default,Default,Default,Default,Default,Core(Runtime=Core),,1,Workload,37,518486200,262144,1977.87
SpanT.TestSubString,SpanSample,SpanT,TestSubString,Core,Default,Default,Default,Default,Default,Default,Default,Default,Default,Default,Default,Core,Default,Default,Default,Default,Default,Default,Default,Default,Default,Default,Default,Default,Default,Default,Default,Default,Default,Default,Default,Default,Default,Default,Default,Default,Default,Default,Core(Runtime=Core),,1,Workload,38,519040900,262144,1979.98
SpanT.TestSubString,SpanSample,SpanT,TestSubString,Core,Default,Default,Default,Default,Default,Default,Default,Default,Default,Default,Default,Core,Default,Default,Default,Default,Default,Default,Default,Default,Default,Default,Default,Default,Default,Default,Default,Default,Default,Default,Default,Default,Default,Default,Default,Default,Default,Default,Core(Runtime=Core),,1,Workload,1,519235970,262144,1980.73
SpanT.TestSubString,SpanSample,SpanT,TestSubString,Core,Default,Default,Default,Default,Default,Default,Default,Default,Default,Default,Default,Core,Default,Default,Default,Default,Default,Default,Default,Default,Default,Default,Default,Default,Default,Default,Default,Default,Default,Default,Default,Default,Default,Default,Default,Default,Default,Default,Core(Runtime=Core),,1,Workload,2,516245270,262144,1969.32
SpanT.TestSubString,SpanSample,SpanT,TestSubString,Core,Default,Default,Default,Default,Default,Default,Default,Default,Default,Default,Default,Core,Default,Default,Default,Default,Default,Default,Default,Default,Default,Default,Default,Default,Default,Default,Default,Default,Default,Default,Default,Default,Default,Default,Default,Default,Default,Default,Core(Runtime=Core),,1,Workload,3,514779070,262144,1963.73
SpanT.TestSubString,SpanSample,SpanT,TestSubString,Core,Default,Default,Default,Default,Default,Default,Default,Default,Default,Default,Default,Core,Default,Default,Default,Default,Default,Default,Default,Default,Default,Default,Default,Default,Default,Default,Default,Default,Default,Default,Default,Default,Default,Default,Default,Default,Default,Default,Core(Runtime=Core),,1,Workload,4,540139270,262144,2060.47
SpanT.TestSubString,SpanSample,SpanT,TestSubString,Core,Default,Default,Default,Default,Default,Default,Default,Default,Default,Default,Default,Core,Default,Default,Default,Default,Default,Default,Default,Default,Default,Default,Default,Default,Default,Default,Default,Default,Default,Default,Default,Default,Default,Default,Default,Default,Default,Default,Core(Runtime=Core),,1,Workload,5,519672570,262144,1982.39
SpanT.TestSubString,SpanSample,SpanT,TestSubString,Core,Default,Default,Default,Default,Default,Default,Default,Default,Default,Default,Default,Core,Default,Default,Default,Default,Default,Default,Default,Default,Default,Default,Default,Default,Default,Default,Default,Default,Default,Default,Default,Default,Default,Default,Default,Default,Default,Default,Core(Runtime=Core),,1,Workload,6,566754770,262144,2162
SpanT.TestSubString,SpanSample,SpanT,TestSubString,Core,Default,Default,Default,Default,Default,Default,Default,Default,Default,Default,Default,Core,Default,Default,Default,Default,Default,Default,Default,Default,Default,Default,Default,Default,Default,Default,Default,Default,Default,Default,Default,Default,Default,Default,Default,Default,Default,Default,Core(Runtime=Core),,1,Workload,7,541829270,262144,2066.91
SpanT.TestSubString,SpanSample,SpanT,TestSubString,Core,Default,Default,Default,Default,Default,Default,Default,Default,Default,Default,Default,Core,Default,Default,Default,Default,Default,Default,Default,Default,Default,Default,Default,Default,Default,Default,Default,Default,Default,Default,Default,Default,Default,Default,Default,Default,Default,Default,Core(Runtime=Core),,1,Workload,8,539355470,262144,2057.48
SpanT.TestSubString,SpanSample,SpanT,TestSubString,Core,Default,Default,Default,Default,Default,Default,Default,Default,Default,Default,Default,Core,Default,Default,Default,Default,Default,Default,Default,Default,Default,Default,Default,Default,Default,Default,Default,Default,Default,Default,Default,Default,Default,Default,Default,Default,Default,Default,Core(Runtime=Core),,1,Workload,9,570018670,262144,2174.45
SpanT.TestSubString,SpanSample,SpanT,TestSubString,Core,Default,Default,Default,Default,Default,Default,Default,Default,Default,Default,Default,Core,Default,Default,Default,Default,Default,Default,Default,Default,Default,Default,Default,Default,Default,Default,Default,Default,Default,Default,Default,Default,Default,Default,Default,Default,Default,Default,Core(Runtime=Core),,1,Workload,10,570824070,262144,2177.52
SpanT.TestSubString,SpanSample,SpanT,TestSubString,Core,Default,Default,Default,Default,Default,Default,Default,Default,Default,Default,Default,Core,Default,Default,Default,Default,Default,Default,Default,Default,Default,Default,Default,Default,Default,Default,Default,Default,Default,Default,Default,Default,Default,Default,Default,Default,Default,Default,Core(Runtime=Core),,1,Workload,11,565401170,262144,2156.83
SpanT.TestSubString,SpanSample,SpanT,TestSubString,Core,Default,Default,Default,Default,Default,Default,Default,Default,Default,Default,Default,Core,Default,Default,Default,Default,Default,Default,Default,Default,Default,Default,Default,Default,Default,Default,Default,Default,Default,Default,Default,Default,Default,Default,Default,Default,Default,Default,Core(Runtime=Core),,1,Workload,12,551310670,262144,2103.08
SpanT.TestSubString,SpanSample,SpanT,TestSubString,Core,Default,Default,Default,Default,Default,Default,Default,Default,Default,Default,Default,Core,Default,Default,Default,Default,Default,Default,Default,Default,Default,Default,Default,Default,Default,Default,Default,Default,Default,Default,Default,Default,Default,Default,Default,Default,Default,Default,Core(Runtime=Core),,1,Workload,13,564311870,262144,2152.68
SpanT.TestSubString,SpanSample,SpanT,TestSubString,Core,Default,Default,Default,Default,Default,Default,Default,Default,Default,Default,Default,Core,Default,Default,Default,Default,Default,Default,Default,Default,Default,Default,Default,Default,Default,Default,Default,Default,Default,Default,Default,Default,Default,Default,Default,Default,Default,Default,Core(Runtime=Core),,1,Workload,14,527956370,262144,2013.99
SpanT.TestSubString,SpanSample,SpanT,TestSubString,Core,Default,Default,Default,Default,Default,Default,Default,Default,Default,Default,Default,Core,Default,Default,Default,Default,Default,Default,Default,Default,Default,Default,Default,Default,Default,Default,Default,Default,Default,Default,Default,Default,Default,Default,Default,Default,Default,Default,Core(Runtime=Core),,1,Workload,15,525715170,262144,2005.44
SpanT.TestSubString,SpanSample,SpanT,TestSubString,Core,Default,Default,Default,Default,Default,Default,Default,Default,Default,Default,Default,Core,Default,Default,Default,Default,Default,Default,Default,Default,Default,Default,Default,Default,Default,Default,Default,Default,Default,Default,Default,Default,Default,Default,Default,Default,Default,Default,Core(Runtime=Core),,1,Workload,16,517560470,262144,1974.34
SpanT.TestSubString,SpanSample,SpanT,TestSubString,Core,Default,Default,Default,Default,Default,Default,Default,Default,Default,Default,Default,Core,Default,Default,Default,Default,Default,Default,Default,Default,Default,Default,Default,Default,Default,Default,Default,Default,Default,Default,Default,Default,Default,Default,Default,Default,Default,Default,Core(Runtime=Core),,1,Workload,17,520226370,262144,1984.51
SpanT.TestSubString,SpanSample,SpanT,TestSubString,Core,Default,Default,Default,Default,Default,Default,Default,Default,Default,Default,Default,Core,Default,Default,Default,Default,Default,Default,Default,Default,Default,Default,Default,Default,Default,Default,Default,Default,Default,Default,Default,Default,Default,Default,Default,Default,Default,Default,Core(Runtime=Core),,1,Workload,18,518891270,262144,1979.41
SpanT.TestSubString,SpanSample,SpanT,TestSubString,Core,Default,Default,Default,Default,Default,Default,Default,Default,Default,Default,Default,Core,Default,Default,Default,Default,Default,Default,Default,Default,Default,Default,Default,Default,Default,Default,Default,Default,Default,Default,Default,Default,Default,Default,Default,Default,Default,Default,Core(Runtime=Core),,1,Workload,19,523369870,262144,1996.5
SpanT.TestSubString,SpanSample,SpanT,TestSubString,Core,Default,Default,Default,Default,Default,Default,Default,Default,Default,Default,Default,Core,Default,Default,Default,Default,Default,Default,Default,Default,Default,Default,Default,Default,Default,Default,Default,Default,Default,Default,Default,Default,Default,Default,Default,Default,Default,Default,Core(Runtime=Core),,1,Workload,20,523330070,262144,1996.35
SpanT.TestSubString,SpanSample,SpanT,TestSubString,Core,Default,Default,Default,Default,Default,Default,Default,Default,Default,Default,Default,Core,Default,Default,Default,Default,Default,Default,Default,Default,Default,Default,Default,Default,Default,Default,Default,Default,Default,Default,Default,Default,Default,Default,Default,Default,Default,Default,Core(Runtime=Core),,1,Workload,21,514195170,262144,1961.5
SpanT.TestSubString,SpanSample,SpanT,TestSubString,Core,Default,Default,Default,Default,Default,Default,Default,Default,Default,Default,Default,Core,Default,Default,Default,Default,Default,Default,Default,Default,Default,Default,Default,Default,Default,Default,Default,Default,Default,Default,Default,Default,Default,Default,Default,Default,Default,Default,Core(Runtime=Core),,1,Workload,22,536004270,262144,2044.69
SpanT.TestSubString,SpanSample,SpanT,TestSubString,Core,Default,Default,Default,Default,Default,Default,Default,Default,Default,Default,Default,Core,Default,Default,Default,Default,Default,Default,Default,Default,Default,Default,Default,Default,Default,Default,Default,Default,Default,Default,Default,Default,Default,Default,Default,Default,Default,Default,Core(Runtime=Core),,1,Workload,23,513153170,262144,1957.52
SpanT.TestSubString,SpanSample,SpanT,TestSubString,Core,Default,Default,Default,Default,Default,Default,Default,Default,Default,Default,Default,Core,Default,Default,Default,Default,Default,Default,Default,Default,Default,Default,Default,Default,Default,Default,Default,Default,Default,Default,Default,Default,Default,Default,Default,Default,Default,Default,Core(Runtime=Core),,1,Workload,24,528950570,262144,2017.79
SpanT.TestSubString,SpanSample,SpanT,TestSubString,Core,Default,Default,Default,Default,Default,Default,Default,Default,Default,Default,Default,Core,Default,Default,Default,Default,Default,Default,Default,Default,Default,Default,Default,Default,Default,Default,Default,Default,Default,Default,Default,Default,Default,Default,Default,Default,Default,Default,Core(Runtime=Core),,1,Workload,25,516655270,262144,1970.88
SpanT.TestSubString,SpanSample,SpanT,TestSubString,Core,Default,Default,Default,Default,Default,Default,Default,Default,Default,Default,Default,Core,Default,Default,Default,Default,Default,Default,Default,Default,Default,Default,Default,Default,Default,Default,Default,Default,Default,Default,Default,Default,Default,Default,Default,Default,Default,Default,Core(Runtime=Core),,1,Workload,26,522651370,262144,1993.76
SpanT.TestSubString,SpanSample,SpanT,TestSubString,Core,Default,Default,Default,Default,Default,Default,Default,Default,Default,Default,Default,Core,Default,Default,Default,Default,Default,Default,Default,Default,Default,Default,Default,Default,Default,Default,Default,Default,Default,Default,Default,Default,Default,Default,Default,Default,Default,Default,Core(Runtime=Core),,1,Workload,27,514204570,262144,1961.53
SpanT.TestSubString,SpanSample,SpanT,TestSubString,Core,Default,Default,Default,Default,Default,Default,Default,Default,Default,Default,Default,Core,Default,Default,Default,Default,Default,Default,Default,Default,Default,Default,Default,Default,Default,Default,Default,Default,Default,Default,Default,Default,Default,Default,Default,Default,Default,Default,Core(Runtime=Core),,1,Workload,28,524908470,262144,2002.37
SpanT.TestSubString,SpanSample,SpanT,TestSubString,Core,Default,Default,Default,Default,Default,Default,Default,Default,Default,Default,Default,Core,Default,Default,Default,Default,Default,Default,Default,Default,Default,Default,Default,Default,Default,Default,Default,Default,Default,Default,Default,Default,Default,Default,Default,Default,Default,Default,Core(Runtime=Core),,1,Workload,29,519448770,262144,1981.54
SpanT.TestSubString,SpanSample,SpanT,TestSubString,Core,Default,Default,Default,Default,Default,Default,Default,Default,Default,Default,Default,Core,Default,Default,Default,Default,Default,Default,Default,Default,Default,Default,Default,Default,Default,Default,Default,Default,Default,Default,Default,Default,Default,Default,Default,Default,Default,Default,Core(Runtime=Core),,1,Workload,30,525254470,262144,2003.69
SpanT.TestSubString,SpanSample,SpanT,TestSubString,Core,Default,Default,Default,Default,Default,Default,Default,Default,Default,Default,Default,Core,Default,Default,Default,Default,Default,Default,Default,Default,Default,Default,Default,Default,Default,Default,Default,Default,Default,Default,Default,Default,Default,Default,Default,Default,Default,Default,Core(Runtime=Core),,1,Workload,31,517993570,262144,1975.99
SpanT.TestSubString,SpanSample,SpanT,TestSubString,Core,Default,Default,Default,Default,Default,Default,Default,Default,Default,Default,Default,Core,Default,Default,Default,Default,Default,Default,Default,Default,Default,Default,Default,Default,Default,Default,Default,Default,Default,Default,Default,Default,Default,Default,Default,Default,Default,Default,Core(Runtime=Core),,1,Workload,32,517484270,262144,1974.05
SpanT.TestSubString,SpanSample,SpanT,TestSubString,Core,Default,Default,Default,Default,Default,Default,Default,Default,Default,Default,Default,Core,Default,Default,Default,Default,Default,Default,Default,Default,Default,Default,Default,Default,Default,Default,Default,Default,Default,Default,Default,Default,Default,Default,Default,Default,Default,Default,Core(Runtime=Core),,1,Workload,33,520075970,262144,1983.93
SpanT.TestSubString,SpanSample,SpanT,TestSubString,Core,Default,Default,Default,Default,Default,Default,Default,Default,Default,Default,Default,Core,Default,Default,Default,Default,Default,Default,Default,Default,Default,Default,Default,Default,Default,Default,Default,Default,Default,Default,Default,Default,Default,Default,Default,Default,Default,Default,Core(Runtime=Core),,1,Workload,34,523882270,262144,1998.45
SpanT.TestSubString,SpanSample,SpanT,TestSubString,Core,Default,Default,Default,Default,Default,Default,Default,Default,Default,Default,Default,Core,Default,Default,Default,Default,Default,Default,Default,Default,Default,Default,Default,Default,Default,Default,Default,Default,Default,Default,Default,Default,Default,Default,Default,Default,Default,Default,Core(Runtime=Core),,1,Workload,35,517728870,262144,1974.98
SpanT.TestSubString,SpanSample,SpanT,TestSubString,Core,Default,Default,Default,Default,Default,Default,Default,Default,Default,Default,Default,Core,Default,Default,Default,Default,Default,Default,Default,Default,Default,Default,Default,Default,Default,Default,Default,Default,Default,Default,Default,Default,Default,Default,Default,Default,Default,Default,Core(Runtime=Core),,1,Workload,36,518283570,262144,1977.09
